id,conversation_id,created_at,date,time,timezone,user_id,username,name,place,tweet,language,mentions,urls,photos,replies_count,retweets_count,likes_count,hashtags,cashtags,link,retweet,quote_url,video,thumbnail,near,geo,source,user_rt_id,user_rt,retweet_id,reply_to,retweet_date,translate,trans_src,trans_dest
1449026359406247942,1449026359406247942,2021-10-15 16:56:20 SAST,2021-10-15,16:56:20,+0200,834180067148365827,reynaldos98,Reynaldo,,"Bro, Tesla y los BTC van subiendo como espuma. Buen momento para invertir en Teslaüìà",es,[],[],[],0,0,0,[],[],https://twitter.com/ReynaldoS98/status/1449026359406247942,False,,0,,,,,,,,[],,,,
1449026357929906176,1449020747238756358,2021-10-15 16:56:19 SAST,2021-10-15,16:56:19,+0200,2168002911,grrudho,Gentian Rrudho,,@meckimac @Tesla You are nuts  https://t.co/cF4erWsSa6,en,[],[],['https://pbs.twimg.com/tweet_video_thumb/FBv5ykrXECoX8ex.jpg'],0,0,0,[],[],https://twitter.com/grrudho/status/1449026357929906176,False,,1,https://pbs.twimg.com/tweet_video_thumb/FBv5ykrXECoX8ex.jpg,,,,,,,"[{'screen_name': 'meckimac', 'name': 'Jessica Meckmann üëÄ', 'id': '10175642'}, {'screen_name': 'Tesla', 'name': 'Tesla', 'id': '13298072'}]",,,,
1449026349352505344,1449026349352505344,2021-10-15 16:56:17 SAST,2021-10-15,16:56:17,+0200,411550838,thekatalan,Pierre Garcia,,"@IONITY_EU escroquerie. Sur 10 bornes utilis√©es 9 qui ne d√©passent pas les 60 kw. A 0,55‚Ç¨ la minute !!!!tesla a un ratio inverse et facture 0.3‚Ç¨. √Ä quel moment vous pensez r√©agir ? Il faut une action en justice ?",fr,[],[],[],0,0,0,[],[],https://twitter.com/thekatalan/status/1449026349352505344,False,,0,,,,,,,,[],,,,
1449026334513053700,1448969990456193024,2021-10-15 16:56:14 SAST,2021-10-15,16:56:14,+0200,245059814,robertdolci,Rob Dolci,,"@Il_Vitruviano @editoreruggeri @CasaScrittori @CCKKI La Cina non ha fatto lockdown ed ha pagato le aziende perche' girassero a pieno ritmo, al contrario di chi ha fermato o calato la produzione. E Tesla ha iniziato a produrre auto dopo 11 mesi da apertura cantiere, quindi grossa facilitazione a chi vuol produrre. 1/2",it,[],[],[],0,0,0,[],[],https://twitter.com/robertdolci/status/1449026334513053700,False,,0,,,,,,,,"[{'screen_name': 'Il_Vitruviano', 'name': 'Vitruviano', 'id': '28433379'}, {'screen_name': 'editoreruggeri', 'name': 'Riccardo Ruggeri', 'id': '1161196922'}, {'screen_name': 'CasaScrittori', 'name': 'Casa degli Scrittori', 'id': '2476927260'}, {'screen_name': 'CCKKI', 'name': 'Cinzia', 'id': '379030092'}]",,,,
1449026324153225218,1448988226954350593,2021-10-15 16:56:11 SAST,2021-10-15,16:56:11,+0200,1355652313214574592,patrickdyercfp,Patrick Dyer CFP¬Æ,,@litcapital Wonder if he closed those Tesla puts,en,[],[],[],0,0,0,[],[],https://twitter.com/patrickdyercfp/status/1449026324153225218,False,,0,,,,,,,,"[{'screen_name': 'litcapital', 'name': 'litquidity', 'id': '932630991298007041'}]",,,,
1449026311138250765,1448988344122228760,2021-10-15 16:56:08 SAST,2021-10-15,16:56:08,+0200,1419091720269176845,ronmadison11,Ron MadisonGooGooüöÄüî•ü©≥üî•üò≥üë®üèª‚Äçüçº,,"@TaylorOgan @JonBryant421 @garyblack00 Tesla doesn‚Äôt need to grow faster than all EVs combined by units, they need to grow overall market share globally by $. China you need to account for exports strategically done leading up to Berlin opening + adjust for $ and use overall üöò market.",en,[],[],[],0,0,0,[],[],https://twitter.com/RonMadison11/status/1449026311138250765,False,,0,,,,,,,,"[{'screen_name': 'TaylorOgan', 'name': 'Taylor Ogan', 'id': '31603445'}, {'screen_name': 'JonBryant421', 'name': 'Jon Bryant', 'id': '1100861237410156550'}, {'screen_name': 'garyblack00', 'name': 'Gary Black', 'id': '1161703589942878208'}]",,,,
1449026307820556324,1448865381150515206,2021-10-15 16:56:08 SAST,2021-10-15,16:56:08,+0200,1366266424671555584,fanfnx,Phoenix Risen,,@AlsawaiSameh @ShibaInuHodler @Tesla @ShakitaInu #BSC is @BinanceChain not @binance. Check  https://t.co/aknQpbnMX1.,en,"[{'screen_name': 'binancechain', 'name': 'binance smart chain', 'id': '1052454006537314306'}, {'screen_name': 'binance', 'name': 'binance', 'id': '877807935493033984'}]",['http://shakitainu.com'],[],0,0,0,['bsc'],[],https://twitter.com/FanFnx/status/1449026307820556324,False,,0,,,,,,,,"[{'screen_name': 'AlsawaiSameh', 'name': 'Sameh Alsawai', 'id': '1446907588923248640'}, {'screen_name': 'ShibaInuHodler', 'name': 'Shiba Inu', 'id': '1411587179986489346'}, {'screen_name': 'Tesla', 'name': 'Tesla', 'id': '13298072'}, {'screen_name': 'ShakitaInu', 'name': 'BIG $SHAK #SHIBKILLER x10000 üéØ', 'id': '1384506922066268171'}]",,,,
1449026274123472902,1448685895511588866,2021-10-15 16:56:00 SAST,2021-10-15,16:56:00,+0200,1269786298564456448,cringeiiam,mao zablong (niche internet microfaggot),,@siniwrites @meowmeowmia @AndrewYang @Fwd_Party it's safer than a tesla because the tesla would swerve into pedestrians instead of going straight,en,[],[],[],0,0,0,[],[],https://twitter.com/cringeIiam/status/1449026274123472902,False,,0,,,,,,,,"[{'screen_name': 'siniwrites', 'name': 'Sini', 'id': '1723865546'}, {'screen_name': 'meowmeowmia', 'name': 'meuw', 'id': '1093741515430596608'}, {'screen_name': 'AndrewYang', 'name': 'Andrew Yangüß¢‚¨ÜÔ∏èüá∫üá∏', 'id': '2228878592'}, {'screen_name': 'Fwd_Party', 'name': 'Forward Party', 'id': '1442324092984561667'}]",,,,
1449026256482275360,1449017631021875202,2021-10-15 16:55:55 SAST,2021-10-15,16:55:55,+0200,1402994647450865679,jwc4491,Jordan,,@coryawhyte @CNBC I‚Äôm talking about burry‚Äôs short not every single short on Tesla ever. Keep up,en,[],[],[],0,0,0,[],[],https://twitter.com/JWC4491/status/1449026256482275360,False,,0,,,,,,,,"[{'screen_name': 'coryawhyte', 'name': 'üá®üá¶ Orange you Glad you have a TSLA üá®üá¶', 'id': '1414271046996217858'}, {'screen_name': 'CNBC', 'name': 'CNBC', 'id': '20402945'}]",,,,
1449026246206177282,1449023292065550341,2021-10-15 16:55:53 SAST,2021-10-15,16:55:53,+0200,1185013997940232192,cartiundercover,dieyuppy,,@shaolintrader88 xpev is more sustainable than tesla - Barrons . Com,en,[],[],[],0,0,0,[],[],https://twitter.com/cartiundercover/status/1449026246206177282,False,,0,,,,,,,,"[{'screen_name': 'shaolintrader88', 'name': 'ShaolinTrader', 'id': '982013743155634181'}]",,,,
1449026245082157076,1449021634656935943,2021-10-15 16:55:53 SAST,2021-10-15,16:55:53,+0200,1211891007924555777,sthcoin_sthc,"Soothing Coin (STHCOIN, STHC)",,@bobbyclee @Tesla @Model3Tesla üòÉüçª,und,[],[],[],0,0,0,[],[],https://twitter.com/sthcoin_sthc/status/1449026245082157076,False,,0,,,,,,,,"[{'screen_name': 'bobbyclee', 'name': ""Bobby Lee - Ballet: World's EASIEST wallet!"", 'id': '311430228'}, {'screen_name': 'Tesla', 'name': 'Tesla', 'id': '13298072'}, {'screen_name': 'Model3Tesla', 'name': 'Tesla Model 3', 'id': '2806484926'}]",,,,
1449026226669199360,1448743728479354883,2021-10-15 16:55:48 SAST,2021-10-15,16:55:48,+0200,1340917784990142464,segurablake,amanamongod,,@s3xynews @elonmusk @VWGroup @Herbert_Diess @VWGroup_DE @Tesla Loud and clear like a panda bear,en,[],[],[],0,0,0,[],[],https://twitter.com/SeguraBlake/status/1449026226669199360,False,,0,,,,,,,,"[{'screen_name': 's3xynews', 'name': 'Look', 'id': '1031904281215942658'}, {'screen_name': 'elonmusk', 'name': 'Elon Musk', 'id': '44196397'}, {'screen_name': 'VWGroup', 'name': 'Volkswagen Group', 'id': '3021235211'}, {'screen_name': 'Herbert_Diess', 'name': 'Herbert Diess', 'id': '1341065688706904064'}, {'screen_name': 'VWGroup_DE', 'name': 'Volkswagen Group', 'id': '3021174369'}, {'screen_name': 'Tesla', 'name': 'Tesla', 'id': '13298072'}]",,,,
1449026205123072006,1449026205123072006,2021-10-15 16:55:43 SAST,2021-10-15,16:55:43,+0200,163538505,fn_nachrichten,FinanzNachrichten.de,,ROUNDUP: Umweltverb√§nde fordern Wiederholung der Online-Er√∂rterung zu Tesla  https://t.co/U3uTAHCCMM,de,[],['https://www.finanznachrichten.de/nachrichten-2021-10/54214788-roundup-umweltverbaende-fordern-wiederholung-der-online-eroerterung-zu-tesla-016.htm'],[],0,0,0,[],[],https://twitter.com/FN_Nachrichten/status/1449026205123072006,False,,0,,,,,,,,[],,,,
1449026202853838848,1448937653567696896,2021-10-15 16:55:43 SAST,2021-10-15,16:55:43,+0200,374431145,1sthand2,1sthand,,@RossADixon @StephenWensley @FullyChargedShw @FullyChargedDan @bobbyllew @TeslaOwnersUK @Tesla It means you can adjust/press/toggle and feel by touch that it has been done.,en,[],[],[],0,0,0,[],[],https://twitter.com/1sthand2/status/1449026202853838848,False,,0,,,,,,,,"[{'screen_name': 'RossADixon', 'name': 'Ross Dixon', 'id': '39030842'}, {'screen_name': 'StephenWensley', 'name': 'Stephen Wensley', 'id': '374414236'}, {'screen_name': 'FullyChargedShw', 'name': 'Fully Charged Show', 'id': '770933216870076416'}, {'screen_name': 'FullyChargedDan', 'name': 'FullyChargedDanC√¶sarüóØ', 'id': '216644462'}, {'screen_name': 'bobbyllew', 'name': 'Robert Llewellyn', 'id': '1077971'}, {'screen_name': 'TeslaOwnersUK', 'name': 'Tesla Owners UK', 'id': '856406682552946688'}, {'screen_name': 'Tesla', 'name': 'Tesla', 'id': '13298072'}]",,,,
1449026198802030595,1449026198802030595,2021-10-15 16:55:42 SAST,2021-10-15,16:55:42,+0200,1313755134862614528,thefaithong,Faithster,,@elonmusk I‚Äôm going to PLUTO with you! üöÄüöÄüöÄ @Tesla  https://t.co/v57L8iCtsA,en,"[{'screen_name': 'tesla', 'name': 'tesla', 'id': '13298072'}]",[],['https://pbs.twimg.com/media/FBv5pUxVQA0qW5O.jpg'],0,0,0,[],[],https://twitter.com/thefaithong/status/1449026198802030595,False,,1,https://pbs.twimg.com/media/FBv5pUxVQA0qW5O.jpg,,,,,,,[],,,,
1449026162995306497,1448801515842441220,2021-10-15 16:55:33 SAST,2021-10-15,16:55:33,+0200,1416986518665760769,cpg987,ClaudioPintoGal,,@Capaazul @adnradiochile No tienen competencias para nada y cobran como si fueran Tesla,es,[],[],[],0,0,0,[],[],https://twitter.com/CPG987/status/1449026162995306497,False,,0,,,,,,,,"[{'screen_name': 'Capaazul', 'name': 'Antonio P', 'id': '120853641'}, {'screen_name': 'adnradiochile', 'name': 'Radio ADN', 'id': '201493641'}]",,,,
1449026162987044896,1449026162987044896,2021-10-15 16:55:33 SAST,2021-10-15,16:55:33,+0200,1288869562709139456,wendfinancial,Wend,,Tesla gets price target from Jefferies to $950. Meanwhile their Bitcoin holding soars to a gain of more than $1 BILLIONüöÄ  https://t.co/nW7ZOWijns,en,[],[],['https://pbs.twimg.com/media/FBv5nSnXsAAfm-D.jpg'],0,0,0,[],[],https://twitter.com/WendFinancial/status/1449026162987044896,False,,1,https://pbs.twimg.com/media/FBv5nSnXsAAfm-D.jpg,,,,,,,[],,,,
1449026076378681352,1447873600657182723,2021-10-15 16:55:12 SAST,2021-10-15,16:55:12,+0200,1109651732924190721,helpertesla,Tesla Owner,,"@BonaireVolt @StarkyLuv73 @nbcwashington Why is Tesla one of the only ones, if not the only, doing it?  &amp;, it was done years ago. To cars made prior to the update, which wasn‚Äôt necessary. Don‚Äôt forget the unnecessarily competent collision prevention.  Both of which go very much against your chasing repair revenue thesis",en,[],[],[],0,0,0,[],[],https://twitter.com/HelperTesla/status/1449026076378681352,False,,0,,,,,,,,"[{'screen_name': 'BonaireVolt', 'name': 'Bonaire', 'id': '1537175341'}, {'screen_name': 'StarkyLuv73', 'name': 'Aaron T. Starks üåä', 'id': '894194737'}, {'screen_name': 'nbcwashington', 'name': 'NBCWashington', 'id': '14980820'}]",,,,
1449026065901363209,1448927426814386176,2021-10-15 16:55:10 SAST,2021-10-15,16:55:10,+0200,1211196824171581441,asiankaren212,Asian Karen,,@ivanhomeless @davenewworld_2 Complaining about poor personal choices is a moral failing. it's like complaining about car payments for a Tesla is too high. You choose to have a baby. You choose to buy Tesla. i don't care what she choose. Just don't complain about it.,en,[],[],[],0,0,0,[],[],https://twitter.com/AsianKaren212/status/1449026065901363209,False,,0,,,,,,,,"[{'screen_name': 'ivanhomeless', 'name': 'lindaspolidoro', 'id': '77120109'}, {'screen_name': 'davenewworld_2', 'name': 'Fifty Shades of Whey', 'id': '886398296146706432'}]",,,,
1449026060075606017,1449026060075606017,2021-10-15 16:55:08 SAST,2021-10-15,16:55:08,+0200,16670983,carscoop,Carscoops,,Tesla Model S Plaid With Active Aero Caught Testing At The N√ºrburgring | Carscoops #carscoops  https://t.co/JlG1PjjkKX,en,[],['https://www.carscoops.com/2021/10/tesla-model-s-plaid-with-active-aero-caught-testing-at-the-nurburgring/?utm_term=Autofeed&utm_medium=Social&utm_source=Twitter#Echobox=1634306755'],[],0,0,0,['carscoops'],[],https://twitter.com/Carscoop/status/1449026060075606017,False,,0,,,,,,,,[],,,,
1449029172488282113,1449029172488282113,2021-10-15 17:07:31 SAST,2021-10-15,17:07:31,+0200,1348561739277889539,ent_omega,Omega Sports Crypto (TM),,Bought more NKLA üî• üî• ü©≥ üíµ üöÄ #NKLA #ShortSqueeze #Litecoin #Bitcoin #Dogecoin #GME #AMC #Tesla #Stonks #Nasdaq  https://t.co/IR9ynglK18,en,[],[],['https://pbs.twimg.com/media/FBv8WcAWQAARRdX.jpg'],0,0,0,"['nkla', 'shortsqueeze', 'litecoin', 'bitcoin', 'dogecoin', 'gme', 'amc', 'tesla', 'stonks', 'nasdaq']",[],https://twitter.com/ent_omega/status/1449029172488282113,False,,1,https://pbs.twimg.com/media/FBv8WcAWQAARRdX.jpg,,,,,,,[],,,,
1449029163055292416,1449029163055292416,2021-10-15 17:07:28 SAST,2021-10-15,17:07:28,+0200,21226256,alfonsoaya,alfonso a,,"Empresas estadounidenses que son propiedad de China en secreto: Tesla, Microsoft, GM, Uber,. 1. General Electric 2. AMC 3. Smithfield Foods 4. Hotel Waldorf-Astoria 5. IBM: 6. General Motors 7. Spotify 8. Tesla 9. Snapchat 10. Microsoft 11. Hilton sigue...  https://t.co/eggSoxDAOg",es,[],['https://usagag.com/2020/11/22/list-of-us-companies-secretly-owned-by-china-tesla-microsoft-gm-uber/'],[],0,0,0,[],[],https://twitter.com/alfonsoaya/status/1449029163055292416,False,,0,,,,,,,,[],,,,
1449029149025193989,1449029149025193989,2021-10-15 17:07:25 SAST,2021-10-15,17:07:25,+0200,4763791,cvilly,Craig Villamor,,New @Tesla Model 3 app has no way to unlock the charge port &amp; the screen that does this inside the car disappears for good once dismissed. Lock ctrls don‚Äôt ctrl charge port. Charge ctrl just opens the door. Now I have an adapter sticking out of the car while I drive. Nice.,en,"[{'screen_name': 'tesla', 'name': 'tesla', 'id': '13298072'}]",[],[],0,0,0,[],[],https://twitter.com/cvilly/status/1449029149025193989,False,,0,,,,,,,,[],,,,
1449029135066664970,1449029135066664970,2021-10-15 17:07:22 SAST,2021-10-15,17:07:22,+0200,87751887,portalmvd,Montevideo Portal,,El CEO de GeneXus cont√≥ a Montevideo Portal que el director de Dise√±o de producto de Tesla estar√° junto a √©l en su charla durante el evento.   https://t.co/WMN4tixZHV,es,[],['http://m.uy/uc801240'],[],0,0,0,[],[],https://twitter.com/portalmvd/status/1449029135066664970,False,,0,,,,,,,,[],,,,
1449029108768378900,1449028709604855827,2021-10-15 17:07:15 SAST,2021-10-15,17:07:15,+0200,1940927029,jensrestemeier,Jens Restemeier,,"@NicMakin As much as I would like a Tesla, the various anti-consumer actions of the company spoil it for me.",en,[],[],[],0,0,0,[],[],https://twitter.com/JensRestemeier/status/1449029108768378900,False,,0,,,,,,,,"[{'screen_name': 'NicMakin', 'name': 'Nic Makin', 'id': '48615651'}]",,,,
1449029104691556354,1449029104691556354,2021-10-15 17:07:14 SAST,2021-10-15,17:07:14,+0200,1427580170223996934,sfusc1,Q..uebec A NON!,,"List of US Companies Secretly Owned by China: Tesla, Microsoft, GM, Uber,...   https://t.co/rLPLjmNmgO",en,[],['https://usagag.com/2020/11/22/list-of-us-companies-secretly-owned-by-china-tesla-microsoft-gm-uber/'],[],0,0,0,[],[],https://twitter.com/SFusc1/status/1449029104691556354,False,,0,,,,,,,,[],,,,
1449029101881286663,1448926547990155270,2021-10-15 17:07:14 SAST,2021-10-15,17:07:14,+0200,1091408824941113350,sophistunpaid,Fermi's Pair of Socks,,@JaguarUK @WillFealey @AudiUK @VW @SKODAUK @forduk @Hyundai_UK @MercedesBenz @Tesla Keep at it!,en,[],[],[],0,0,0,[],[],https://twitter.com/SophistUnpaid/status/1449029101881286663,False,,0,,,,,,,,"[{'screen_name': 'JaguarUK', 'name': 'Jaguar UK', 'id': '347111527'}, {'screen_name': 'WillFealey', 'name': 'Will Fealey ‚òÄÔ∏è‚ö°Ô∏èüîãüåçüöó', 'id': '18762152'}, {'screen_name': 'AudiUK', 'name': 'Audi UK', 'id': '47645546'}, {'screen_name': 'VW', 'name': 'Volkswagen', 'id': '28165910'}, {'screen_name': 'SKODAUK', 'name': '≈†KODA UK', 'id': '120985729'}, {'screen_name': 'forduk', 'name': 'Ford UK', 'id': '67617769'}, {'screen_name': 'Hyundai_UK', 'name': 'Hyundai UK', 'id': '257837524'}, {'screen_name': 'MercedesBenz', 'name': 'Mercedes-Benz', 'id': '54502344'}, {'screen_name': 'Tesla', 'name': 'Tesla', 'id': '13298072'}]",,,,
1449029077759889421,1449029077759889421,2021-10-15 17:07:08 SAST,2021-10-15,17:07:08,+0200,898014703204655105,andromedanking7,Chadwick Sutton (D) 2024 Candidate,,"@Tesla Ready to serve, Elon.",en,[],[],[],0,0,0,[],[],https://twitter.com/AndromedanKing7/status/1449029077759889421,False,,0,,,,,,,,[],,,,
1449029060106018816,1448796994303037450,2021-10-15 17:07:04 SAST,2021-10-15,17:07:04,+0200,1246588801998340099,neilrog49855230,Ghost of Neil Rogers,,"@talesftf @C_S_Skeptic I'm with Goober on this one; I believe he with his 38 score drives better than Tesla's FSD, and better than those with 100 scores, who avoid hard breaking when it's called for.",en,[],[],[],0,0,0,[],[],https://twitter.com/NeilRog49855230/status/1449029060106018816,False,,0,,,,,,,,"[{'screen_name': 'talesftf', 'name': 'TalesFromTheFuture', 'id': '54856859'}, {'screen_name': 'C_S_Skeptic', 'name': 'CommonSenseSkeptic', 'id': '1360847591454351360'}]",,,,
1449029059401420820,1449028417299570690,2021-10-15 17:07:04 SAST,2021-10-15,17:07:04,+0200,95138361,recoby4of5,Four out of Five Dentists Don't Recommend,,"@spleck @Tesla ... I'm waiting for the ""not so ugly"" configuration to become available.",en,[],[],[],0,0,0,[],[],https://twitter.com/recoby4of5/status/1449029059401420820,False,,0,,,,,,,,"[{'screen_name': 'spleck', 'name': 'Kevin Smith', 'id': '274655814'}, {'screen_name': 'Tesla', 'name': 'Tesla', 'id': '13298072'}]",,,,
1449029045027541011,1446104772092772352,2021-10-15 17:07:00 SAST,2021-10-15,17:07:00,+0200,1353803762675183619,shadowfpszero,ShadowFpsZero,,"@elonmusk I wasn't buy a Tesla just to see how low my score would be. I regularly speed, late break and take Apex turns... Is there some type of leaderboard? üòÇ",en,[],[],[],0,0,0,[],[],https://twitter.com/ShadowFpsZero/status/1449029045027541011,False,,0,,,,,,,,"[{'screen_name': 'elonmusk', 'name': 'Elon Musk', 'id': '44196397'}]",,,,
1449029019224137730,1448908088543793168,2021-10-15 17:06:54 SAST,2021-10-15,17:06:54,+0200,550192612,andychowe,Andy Howe,,@GinnyBuckley @Tesla @ElectrifyingCom Comparing US and UK pricing.   Think Elon is price gouging the UK market‚Ä¶,en,[],[],[],0,0,0,[],[],https://twitter.com/AndyCHowe/status/1449029019224137730,False,,0,,,,,,,,"[{'screen_name': 'GinnyBuckley', 'name': 'Ginny Buckley', 'id': '133216607'}, {'screen_name': 'Tesla', 'name': 'Tesla', 'id': '13298072'}, {'screen_name': 'ElectrifyingCom', 'name': '‚ö°Ô∏èElectrifying.com', 'id': '1174586846644527105'}]",,,,
1449029004732903426,1448937006369673216,2021-10-15 17:06:51 SAST,2021-10-15,17:06:51,+0200,1316489622558519298,depottint,Tint Depot,,@WholeMarsBlog my ICE vehicl is dying cybertruck reservation is unknown delivery I don't know what to buy until then? used EV? Tesla 3/Y - not available until April (at my price point),en,[],[],[],0,0,0,[],[],https://twitter.com/DepotTint/status/1449029004732903426,False,,0,,,,,,,,"[{'screen_name': 'WholeMarsBlog', 'name': 'Whole Mars Catalog', 'id': '1263491240336769026'}]",,,,
1449029000760856588,1449029000760856588,2021-10-15 17:06:50 SAST,2021-10-15,17:06:50,+0200,41620937,fintwittsla,FinTwit $TSLA Tweets,,via NickatFP: Ban this dealer from the network @jimfarley98 these are Fords not some tesla garbage $tsla,en,"[{'screen_name': 'jimfarley98', 'name': 'jim farley', 'id': '1106321031566893057'}]",[],[],0,0,0,[],['tsla'],https://twitter.com/FinTwitTSLA/status/1449029000760856588,False,,0,,,,,,,,[],,,,
1449028993324404738,1449028993324404738,2021-10-15 17:06:48 SAST,2021-10-15,17:06:48,+0200,1449028318586707971,miamimark66,miamimark1966,,"""...We were able to substitute alternative chips and then write the firmware in a matter of weeks."" said Elon Musk in the Q2 Earnings Call. How is Tesla doing it? Check out the latest blog post by Peter Schneider on how to replicate the same strategy. üîó  https://t.co/ZtPhZPvfIo",en,[],['https://qt.smh.re/6E'],[],0,0,0,[],[],https://twitter.com/miamimark66/status/1449028993324404738,False,,0,,,,,,,,[],,,,
1449028986223222785,1448947889607041029,2021-10-15 17:06:46 SAST,2021-10-15,17:06:46,+0200,1406998537863192581,fivetweettsla,FSDBeta Five Tweet TSLA,,@AnythingTesla @Tesla üí™üí™Well done!,en,[],[],[],0,0,0,[],[],https://twitter.com/FiveTweetTSLA/status/1449028986223222785,False,,0,,,,,,,,"[{'screen_name': 'AnythingTesla', 'name': 'AnythingTesla', 'id': '1079517234882473984'}, {'screen_name': 'Tesla', 'name': 'Tesla', 'id': '13298072'}]",,,,
1449028985669758976,1448865381150515206,2021-10-15 17:06:46 SAST,2021-10-15,17:06:46,+0200,1318179271345623045,rezayou90335192,Reza Yousefi,,@ShibaInuHodler @Tesla 0xa48B3dC1e8695e5Dacc357f995FcAe947e85bde3,pt,[],[],[],0,0,0,[],[],https://twitter.com/RezaYou90335192/status/1449028985669758976,False,,0,,,,,,,,"[{'screen_name': 'ShibaInuHodler', 'name': 'Shiba Inu', 'id': '1411587179986489346'}, {'screen_name': 'Tesla', 'name': 'Tesla', 'id': '13298072'}]",,,,
1449028970134089728,1449028970134089728,2021-10-15 17:06:42 SAST,2021-10-15,17:06:42,+0200,1426511399035887622,master15555,Master,,i entered the FREE @BabyDogeCoin Tesla giveaway!   You can enter too at  https://t.co/lKMLOr5yXP  If you like #DogeCoin you'll LOVE #BabyDogeCoin  https://t.co/loSwe7VTF0,en,"[{'screen_name': 'babydogecoin', 'name': 'baby doge coin', 'id': '1354781680943431681'}]","['http://BabyDogecoin.com/pages/tesla', 'https://swee.ps/shSqn_VRDTMZe']",[],0,0,0,"['dogecoin', 'babydogecoin']",[],https://twitter.com/Master15555/status/1449028970134089728,False,,0,,,,,,,,[],,,,
1449028966023671813,1449020329138040833,2021-10-15 17:06:41 SAST,2021-10-15,17:06:41,+0200,196075471,momarnasir,Omar Nasir,,"@KMarwatov I don't get it. Tesla has industry leading EV tech. Their quality control is awful, but they just need to improve it. WHY focus on FSD at all??",en,[],[],[],0,0,0,[],[],https://twitter.com/momarnasir/status/1449028966023671813,False,,0,,,,,,,,"[{'screen_name': 'KMarwatov', 'name': 'Kamil Khan Marwat√≥v', 'id': '1230986939072962562'}]",,,,
1449028957223854083,1449028957223854083,2021-10-15 17:06:39 SAST,2021-10-15,17:06:39,+0200,828740991028908032,johnkim26391993,JohnnyK/TESLA &AMCüíéüôåüöÄü¶çüöÄüíéüôå,,"Tesla Adds More Self Driving Cars To Fleet, Continues FSD Beta Rollout $TSLA  https://t.co/rMtthQ9wsr # via @benzinga",en,"[{'screen_name': 'benzinga', 'name': 'benzinga', 'id': '44060322'}]",['https://benzinga.com/z/23394564#.YWmY_gAly-4.twitter'],[],0,0,0,[],['tsla'],https://twitter.com/Johnkim26391993/status/1449028957223854083,False,,0,,,,,,,,[],,,,
1449039119879839744,1449039119879839744,2021-10-15 17:47:02 SAST,2021-10-15,17:47:02,+0200,1127335546802434048,tiffanyphoto1,TiffanyMPhotography,,.@Tesla is performing un-permitted work right now,en,"[{'screen_name': 'tesla', 'name': 'tesla', 'id': '13298072'}]",[],[],0,0,0,[],[],https://twitter.com/TiffanyPhoto1/status/1449039119879839744,False,,0,,,,,,,,[],,,,
1449039093447360515,1449024460057497600,2021-10-15 17:46:56 SAST,2021-10-15,17:46:56,+0200,719351662192631808,travisteeh,TravisTee,,@HassanAesthetic @adamhoov That's actually where the avalanche that I don't hear anyone talking about will be imo. Well one of them. It will soon be undeniable that legacy auto is fucked and Tesla is going to win the day. At the point where everyone bails out of their legacy stock and buys in to TSLA... üìà,en,[],[],[],0,0,0,[],[],https://twitter.com/TravisTeeh/status/1449039093447360515,False,,0,,,,,,,,"[{'screen_name': 'HassanAesthetic', 'name': 'Hassanüß¨', 'id': '613214169'}, {'screen_name': 'adamhoov', 'name': 'adam', 'id': '1395182397256200193'}]",,,,
1449039088598888448,1449039088598888448,2021-10-15 17:46:55 SAST,2021-10-15,17:46:55,+0200,2701049544,terafinn,OX-Finn,,die sch√∂ne frau konnte mich nicht im tesla heimfahren :(,de,[],[],[],0,0,0,[],[],https://twitter.com/Terafinn/status/1449039088598888448,False,,0,,,,,,,,[],,,,
1449039086010855432,1449036890020229125,2021-10-15 17:46:54 SAST,2021-10-15,17:46:54,+0200,99467780,dan_whang,Dan Whangüß¢‚¨ÜÔ∏èüöóüîåüîã,,@The_Meerkat @Tesla @elonmusk Perhaps call your sales advisor and ask if you can change your reservation to the Y?,en,[],[],[],0,0,0,[],[],https://twitter.com/dan_whang/status/1449039086010855432,False,,0,,,,,,,,"[{'screen_name': 'The_Meerkat', 'name': 'Paranoid Dandroid', 'id': '143808689'}, {'screen_name': 'Tesla', 'name': 'Tesla', 'id': '13298072'}, {'screen_name': 'elonmusk', 'name': 'Elon Musk', 'id': '44196397'}]",,,,
1449039081715888130,1449039081715888130,2021-10-15 17:46:53 SAST,2021-10-15,17:46:53,+0200,4843645214,vinitjoshiquote,Vinit J,,"@CNBCTheExchange @CNBCClosingBell @LesliePicker @KellyCNBC Guys, My new drive in the time semiconductor shortages and soaring high vehicle prices! But still I got the vehicle within 45 days! Marvellous ü§© Next one hope to get @Tesla  https://t.co/4hjJvMal5s",en,"[{'screen_name': 'cnbcclosingbell', 'name': ""cnbc's closing bell"", 'id': '21778391'}, {'screen_name': 'lesliepicker', 'name': 'leslie picker', 'id': '87098546'}, {'screen_name': 'kellycnbc', 'name': 'kelly evans', 'id': '1164674447506386944'}, {'screen_name': 'tesla', 'name': 'tesla', 'id': '13298072'}]",[],['https://pbs.twimg.com/media/FBwFW3PUUAMcB4P.jpg'],0,0,0,[],[],https://twitter.com/Vinitjoshiquote/status/1449039081715888130,False,,1,https://pbs.twimg.com/media/FBwFW3PUUAMcB4P.jpg,,,,,,,[],,,,
1449039081632149508,1449039081632149508,2021-10-15 17:46:53 SAST,2021-10-15,17:46:53,+0200,56520802,j_smo0ve247,J_Smo0ve,,I hope tesla hits $900 like yesterday lol,en,[],[],[],0,0,0,[],[],https://twitter.com/J_Smo0ve247/status/1449039081632149508,False,,0,,,,,,,,[],,,,
1449039079920873480,1448992756513316867,2021-10-15 17:46:53 SAST,2021-10-15,17:46:53,+0200,1197290084673957890,beatdox1,Beatdox,,@ZainS180 I think a number of people may now opt for the Kia EV6. Shame we didn't get an SR version but Tesla know they will sell out at this price here,en,[],[],[],0,0,0,[],[],https://twitter.com/Beatdox1/status/1449039079920873480,False,,0,,,,,,,,"[{'screen_name': 'ZainS180', 'name': 'üéÉZainüéÉ', 'id': '789627487861047297'}]",,,,
1449039072492675076,1449038210865242118,2021-10-15 17:46:51 SAST,2021-10-15,17:46:51,+0200,18199493,stephenpallotta,stephen pallotta,,"@DirtyTesla Driving is way too fun in a Tesla, and FSD beta is similar to that of Chinese water torture. I don't think I've used beta for a week now.   Honestly all that's needed for consumers is basic AP, that's more than enough.",en,[],[],[],0,0,0,[],[],https://twitter.com/stephenpallotta/status/1449039072492675076,False,,0,,,,,,,,"[{'screen_name': 'DirtyTesla', 'name': 'Dirty Tesla üéÉ ü¶á', 'id': '1118594454515003393'}]",,,,
1449039063210766344,1449038618547433477,2021-10-15 17:46:49 SAST,2021-10-15,17:46:49,+0200,904577971,propilot123,Undercover Tiger,,@NKrankie Times have changed since the 60s. Students back then didn‚Äôt even know what a Tesla was üôÑ,en,[],[],[],0,0,0,[],[],https://twitter.com/propilot123/status/1449039063210766344,False,,0,,,,,,,,"[{'screen_name': 'NKrankie', 'name': 'Clown World', 'id': '1263030999656562688'}]",,,,
1449039061360865284,1449039061360865284,2021-10-15 17:46:48 SAST,2021-10-15,17:46:48,+0200,1295684830282350592,yenawwww,yana,,FREE TESLA?;!2‚Ç±‚Ç±:,et,[],[],[],0,0,0,[],[],https://twitter.com/yenawwww/status/1449039061360865284,False,https://twitter.com/elonmusk/status/1448558569922703363,0,,,,,,,,[],,,,
1449039052821471232,1448984144533463042,2021-10-15 17:46:46 SAST,2021-10-15,17:46:46,+0200,4097400993,lemgjr83,Lorenzoü•∂,,@DirtyTesla @Tesla @elonmusk Has anyone gone from 99 to 100?  I wonder if that happens once all categories under 1%?  https://t.co/9HfP6xVauz,en,[],[],['https://pbs.twimg.com/media/FBwFVolXIAIsPgJ.jpg'],0,0,0,[],[],https://twitter.com/lemgjr83/status/1449039052821471232,False,,1,https://pbs.twimg.com/media/FBwFVolXIAIsPgJ.jpg,,,,,,,"[{'screen_name': 'DirtyTesla', 'name': 'Dirty Tesla üéÉ ü¶á', 'id': '1118594454515003393'}, {'screen_name': 'Tesla', 'name': 'Tesla', 'id': '13298072'}, {'screen_name': 'elonmusk', 'name': 'Elon Musk', 'id': '44196397'}]",,,,
1449039052683063301,1449039052683063301,2021-10-15 17:46:46 SAST,2021-10-15,17:46:46,+0200,1347474088160350208,admanaat,MA'AT ADMANA,,NGC 369- TESLA CRAP..,und,[],[],[],0,0,0,[],[],https://twitter.com/AdmanaAt/status/1449039052683063301,False,,0,,,,,,,,[],,,,
1449039035817660426,1449039035817660426,2021-10-15 17:46:42 SAST,2021-10-15,17:46:42,+0200,88537980,elpoliticonews,El Pol√≠tico,,Tesla obtiene ganancias de $ 1 mil millones en BTC       https://t.co/8xeU7g53p6,es,[],['https://bit.ly/3AK0ks6'],[],0,0,0,[],[],https://twitter.com/elpoliticonews/status/1449039035817660426,False,,0,,,,,,,,[],,,,
1449039029517815808,1448865381150515206,2021-10-15 17:46:41 SAST,2021-10-15,17:46:41,+0200,1422684904798760960,mohammad8891400,mohammad,,@ShibaInuHodler @Tesla #Tesla #ElonMusk,und,[],[],[],0,0,0,"['tesla', 'elonmusk']",[],https://twitter.com/mohammad8891400/status/1449039029517815808,False,,0,,,,,,,,"[{'screen_name': 'ShibaInuHodler', 'name': 'Shiba Inu', 'id': '1411587179986489346'}, {'screen_name': 'Tesla', 'name': 'Tesla', 'id': '13298072'}]",,,,
1449039017526247427,1448916426228568070,2021-10-15 17:46:38 SAST,2021-10-15,17:46:38,+0200,1418243654,landon702,Landon Besherse,,@PeterMcCormack Investors need to stick to their own wheelhouse. Understanding an over leverage housing market is much different than understanding disruptive technology driven assets like #BTC or #TESLA.   Don't short what you don't understand.,en,[],[],[],0,0,0,"['btc', 'tesla']",[],https://twitter.com/Landon702/status/1449039017526247427,False,,0,,,,,,,,"[{'screen_name': 'PeterMcCormack', 'name': 'Peter McCormack', 'id': '893818632089763840'}]",,,,
1449039003542491141,1448965482921533456,2021-10-15 17:46:34 SAST,2021-10-15,17:46:34,+0200,302151456,pirandot,Andr√© Piotrowski,,@AminLaroussi @marky110 @joergstb @gigafactory_4 @Giga_Berlin @berlinairport Klares Jein! Die Beh√∂rden waren von Anfang an zu langsam f√ºr Tesla. Aber das Problem hat ja beispielsweise SpaceX auch mit der amerikanischen Flugaufsichtsbeh√∂rde ‚Ä¶,de,[],[],[],0,0,0,[],[],https://twitter.com/pirandot/status/1449039003542491141,False,,0,,,,,,,,"[{'screen_name': 'AminLaroussi', 'name': 'Amin Laroussi', 'id': '918540154712788993'}, {'screen_name': 'marky110', 'name': 'Vyronymus', 'id': '156211319'}, {'screen_name': 'joergstb', 'name': 'J√∂rg Steinbach', 'id': '131802180'}, {'screen_name': 'gigafactory_4', 'name': 'Giga Berlin / Gigafactory 4', 'id': '1086184725352468480'}, {'screen_name': 'Giga_Berlin', 'name': 'Gigafactory Berlin', 'id': '834894378833494016'}, {'screen_name': 'berlinairport', 'name': 'BER ‚Äì Berlin Brandenburg Airport', 'id': '377307157'}]",,,,
1449039001659363334,1449039001659363334,2021-10-15 17:46:34 SAST,2021-10-15,17:46:34,+0200,795726749287976960,inttypes,inttypes,,Tesla AI Day 2021 Review‚Ää‚Äî‚ÄäPart 4: Why Tesla Won‚Äôt Have an Autonomous Humanoid Robot in¬†2022  https://t.co/1gj5NpSqys,en,[],['https://towardsdatascience.com/tesla-ai-day-2021-review-part-4-why-tesla-wont-have-an-autonomous-humanoid-robot-in-2022-76dff743f885'],[],0,0,0,[],[],https://twitter.com/inttypes/status/1449039001659363334,False,,0,,,,,,,,[],,,,
1449039000967290888,1448236677193863170,2021-10-15 17:46:34 SAST,2021-10-15,17:46:34,+0200,1103280305580969984,teslaclubin,Tesla Club 'next year for sure' India¬Æ,,@wes_22S @Tesla @elonmusk @28delayslater @MFrunker @UNPLGD3 @AustinTeslaClub @TeslaOwnersEBay @teslaownersSV @SjvTesla ‚ö°Ô∏è‚ô•Ô∏è,und,[],[],[],0,0,0,[],[],https://twitter.com/TeslaClubIN/status/1449039000967290888,False,,0,,,,,,,,"[{'screen_name': 'wes_22S', 'name': 'Wes', 'id': '1199868506772299778'}, {'screen_name': 'Tesla', 'name': 'Tesla', 'id': '13298072'}, {'screen_name': 'elonmusk', 'name': 'Elon Musk', 'id': '44196397'}, {'screen_name': '28delayslater', 'name': 'üê∂Earl of Floki FrunkPuppy ‚öîÔ∏è', 'id': '998140573008695296'}, {'screen_name': 'MFrunker', 'name': 'MotherFrunker', 'id': '1052331772808192001'}, {'screen_name': 'UNPLGD3', 'name': 'Sunil - Safety Score 98', 'id': '1000238794556129280'}, {'screen_name': 'AustinTeslaClub', 'name': 'Austin Tesla Club', 'id': '1233929232432205827'}, {'screen_name': 'TeslaOwnersEBay', 'name': 'East Bay Tesla Club | Fremont |', 'id': '1175164547746844672'}, {'screen_name': 'teslaownersSV', 'name': 'Tesla Silicon Valley Club', 'id': '1016059981907386368'}, {'screen_name': 'SjvTesla', 'name': 'Tesla Club of San Joaquin Valley', 'id': '1214691289137995777'}]",,,,
1449038998148583427,1449038998148583427,2021-10-15 17:46:33 SAST,2021-10-15,17:46:33,+0200,1383370367570354183,bbctechupdate1,BbcTechUpdate,,Tesla Cybertruck Pricing Disappears From Site‚ÄîIs a Price Hike Coming? ‚Äì Review¬†Geek  https://t.co/R3rFi9kHMe,en,[],['https://bbctechupdate.com/2021/10/15/tesla-cybertruck-pricing-disappears-from-site-is-a-price-hike-coming-review-geek/'],[],0,0,0,[],[],https://twitter.com/BbcTechUpdate1/status/1449038998148583427,False,,0,,,,,,,,[],,,,
1449038980314501122,1448420360152666114,2021-10-15 17:46:29 SAST,2021-10-15,17:46:29,+0200,607469157,honesty___words,ÿ®ŸÜ_ŸÖÿ≠ÿ≥ŸÜ_üïµÔ∏è,,3. ÿ¥ÿ±ŸÉÿ© Tesla ÿßŸÑŸÖŸÇÿ± ÿßŸÑÿ±ÿ¶Ÿäÿ≥Ÿä: ÿ®ÿßŸÑŸà ÿ£ŸÑÿ™Ÿà ÿå ŸÉÿßŸÑŸäŸÅŸàÿ±ŸÜŸäÿß ÿ™ŸÖ ÿ¥ÿ±ÿßÿ° 5% ŸÖŸÜ ÿ≠ÿµÿ© Tesla ÿ®Ÿàÿßÿ≥ÿ∑ÿ©: ÿ¥ÿ±ŸÉÿ© Tencent Holdings Ltd ÿßŸÑŸÖŸÇÿ± ÿßŸÑÿ±ÿ¶Ÿäÿ≥Ÿä: Shenzhen ÿå ÿßŸÑÿµŸäŸÜ.  https://t.co/emUHr0kqEn,ar,[],[],['https://pbs.twimg.com/media/FBwFRe0XMAUzbft.jpg'],0,0,0,[],[],https://twitter.com/honesty___words/status/1449038980314501122,False,,1,https://pbs.twimg.com/media/FBwFRe0XMAUzbft.jpg,,,,,,,[],,,,
1449038968427851782,1449038968427851782,2021-10-15 17:46:26 SAST,2021-10-15,17:46:26,+0200,67358777,bw,Businessweek,,"Rivian's electric truck is truly unique, but can it steal enough customers from Ford, GM and Tesla?  https://t.co/Kool2KC1Tv",en,[],['https://trib.al/pcVaXuL'],[],0,0,1,[],[],https://twitter.com/BW/status/1449038968427851782,False,,0,,,,,,,,[],,,,
1449038947326234631,1449038947326234631,2021-10-15 17:46:21 SAST,2021-10-15,17:46:21,+0200,1886507720,justustalking2,Deb,,This Tron-inspired Tesla electric bike‚Äôs hubless wheels radiate a drag racing character   https://t.co/3k1NOHXsjE,en,[],['https://flip.it/PWnO-1'],[],0,0,0,[],[],https://twitter.com/Justustalking2/status/1449038947326234631,False,,0,,,,,,,,[],,,,
1449038915235680269,1446104772092772352,2021-10-15 17:46:13 SAST,2021-10-15,17:46:13,+0200,945218583109554177,dhruv13791464,Dhruv Patel,,@elonmusk No crash ever in my life. Dad hasent gotten in a crash in 15+ years. 98 score because of a bogus front collision. Please send self driving to my car. My dad leaves town soon and he got a tesla just for self driving. Please. Vin: 5YJYGDEE7MF061010,en,[],[],[],0,0,0,[],[],https://twitter.com/Dhruv13791464/status/1449038915235680269,False,,0,,,,,,,,"[{'screen_name': 'elonmusk', 'name': 'Elon Musk', 'id': '44196397'}]",,,,
1449038914333908996,1449011999187238913,2021-10-15 17:46:13 SAST,2021-10-15,17:46:13,+0200,1322315187660165122,meo3w_meo3w,meo3w ü¶¶,,@SteelNicho @JonBryant421 If Tesla was all hype it would've crashed a long time ago. They don't even have a PR department.  All of their employees are engineers and programmers.  This is real.,en,[],[],[],0,0,0,[],[],https://twitter.com/meo3w_meo3w/status/1449038914333908996,False,,0,,,,,,,,"[{'screen_name': 'SteelNicho', 'name': 'Rahland', 'id': '590542733'}, {'screen_name': 'JonBryant421', 'name': 'Jon Bryant', 'id': '1100861237410156550'}]",,,,
1449038884822728710,1449038884822728710,2021-10-15 17:46:06 SAST,2021-10-15,17:46:06,+0200,1214686890936455168,gabyh_clma,Gaby Herculano,,"Despite global supply chain challenges, Tesla still managed to produce and sell a record number of vehicles during their third quarter of the year. $TSLA #EV  https://t.co/H3ENYdrvTa",en,[],[],['https://pbs.twimg.com/media/FBwFL7bXoAUHkRP.jpg'],0,0,0,['ev'],['tsla'],https://twitter.com/GabyH_CLMA/status/1449038884822728710,False,,1,https://pbs.twimg.com/media/FBwFL7bXoAUHkRP.jpg,,,,,,,[],,,,
1449038883610669062,1448824237616160772,2021-10-15 17:46:06 SAST,2021-10-15,17:46:06,+0200,1184136363593129985,secorapearlrem,Rem Secora Pearl üå±,,"@ProLifeLiz My father invested in Tesla when it was $18 a share.  I will probably never be as fiscally rich as my parents, but there are other ways to measure wealth!",en,[],[],[],0,0,0,[],[],https://twitter.com/SecoraPearlRem/status/1449038883610669062,False,,0,,,,,,,,"[{'screen_name': 'ProLifeLiz', 'name': 'Liz üçÅ', 'id': '1221890648405446656'}]",,,,
1449038861905154053,1449020747238756358,2021-10-15 17:46:01 SAST,2021-10-15,17:46:01,+0200,420136114,falkenschwer,TeslaExpedioGermany,,@ElectricRaph @meckimac @Tesla ü§©ü§©ü§©,und,[],[],[],0,0,1,[],[],https://twitter.com/FalkenSchwer/status/1449038861905154053,False,,0,,,,,,,,"[{'screen_name': 'ElectricRaph', 'name': '¬Æ APH √Ü L', 'id': '22490715'}, {'screen_name': 'meckimac', 'name': 'Jessica Meckmann üëÄ', 'id': '10175642'}, {'screen_name': 'Tesla', 'name': 'Tesla', 'id': '13298072'}]",,,,
1449038857824002049,1448845530780483586,2021-10-15 17:46:00 SAST,2021-10-15,17:46:00,+0200,816760043076993038,eric_hurwitz,Shaquille O'Neal,,@Calisdad3 @TheDanMovement @julieanngirly @AMinus____ @chadwell000 I trust Amazon Google Apple Samsung Tesla Microsoft Oracle and Boston Dynamics.,en,[],[],[],0,0,0,[],[],https://twitter.com/eric_hurwitz/status/1449038857824002049,False,,0,,,,,,,,"[{'screen_name': 'Calisdad3', 'name': 'Calisdad J Hobbes', 'id': '789585819115806721'}, {'screen_name': 'TheDanMovement', 'name': 'Daniel jackson', 'id': '844690966174838785'}, {'screen_name': 'julieanngirly', 'name': 'Julieanna', 'id': '3297954140'}, {'screen_name': 'AMinus____', 'name': 'A Minus', 'id': '1034541832468713472'}, {'screen_name': 'chadwell000', 'name': 'üêù‚Äîchadwell‚Äî 3.5%‚òòÔ∏è', 'id': '70361020'}]",,,,
1449038824894447618,1449038824894447618,2021-10-15 17:45:52 SAST,2021-10-15,17:45:52,+0200,1399054674926268420,lk_token,LOKI token(LK),,$LOKI is the futuristic Bsc based coin that aims to revolutionise the aerospace with the mission to make the outer space in reach of common people #herewego #bscgem #binance #coingeco #cmc #pankeswap #ElonMusk @elonmusk #tesla #aerospace  https://t.co/CvkhtV3wt8,en,"[{'screen_name': 'elonmusk', 'name': 'elon musk', 'id': '44196397'}]",[],['https://pbs.twimg.com/media/FBwFIUhUcAoUMgm.jpg'],0,0,0,"['herewego', 'bscgem', 'binance', 'coingeco', 'cmc', 'pankeswap', 'elonmusk', 'tesla', 'aerospace']",['loki'],https://twitter.com/LK_Token/status/1449038824894447618,False,,1,https://pbs.twimg.com/media/FBwFIUhUcAoUMgm.jpg,,,,,,,[],,,,
1449038795123220480,1449034764707680260,2021-10-15 17:45:45 SAST,2021-10-15,17:45:45,+0200,240145200,ohcheepeng,Oh Chee Peng ‚ôªÔ∏è üåé,,"@chazman @elonmusk @karpathy @Tesla Thanks for the beta testing and making FSD better. When the bad scorer finally got their FSD, they will prove that you all worry too much.",en,[],[],[],0,0,0,[],[],https://twitter.com/ohcheepeng/status/1449038795123220480,False,,0,,,,,,,,"[{'screen_name': 'chazman', 'name': 'Chuck Cook', 'id': '14084713'}, {'screen_name': 'elonmusk', 'name': 'Elon Musk', 'id': '44196397'}, {'screen_name': 'karpathy', 'name': 'Andrej Karpathy', 'id': '33836629'}, {'screen_name': 'Tesla', 'name': 'Tesla', 'id': '13298072'}]",,,,
1449038758750400518,1449038134365155331,2021-10-15 17:45:36 SAST,2021-10-15,17:45:36,+0200,1214694353903529985,gaytonausa,Kevin ‚ÄúZouzou Trooper‚Äù Williams,,"@Tweetermeyer is that kid on Tesla‚Äôs payroll? His posts are really fucking strange, even for the typical Tesla stan",en,[],[],[],0,0,0,[],[],https://twitter.com/GaytonaUSA/status/1449038758750400518,False,,0,,,,,,,,"[{'screen_name': 'Tweetermeyer', 'name': 'E.W. Niedermeyer', 'id': '415794343'}]",,,,
1449038734746394624,1449038734746394624,2021-10-15 17:45:30 SAST,2021-10-15,17:45:30,+0200,2857981445,gamesandbitcoin,GamesAndBitcoin,,By the time a Tesla was affordable to the plebs it was no longer interesting.  When a Citadel is affordable it will no longer be interesting.  What's the next goal?,en,[],[],[],0,0,0,[],[],https://twitter.com/GamesAndBitcoin/status/1449038734746394624,False,,0,,,,,,,,[],,,,
1449038733886504962,1449034764707680260,2021-10-15 17:45:30 SAST,2021-10-15,17:45:30,+0200,17808423,rhensing,√Ülectric Cyberfarmer,,@chazman @elonmusk @karpathy @Tesla Haven‚Äôt watched yet but have you already tested this on 10.2 and it got better somehow or was this first test of 10.2 in this scenario?,en,[],[],[],0,0,0,[],[],https://twitter.com/rhensing/status/1449038733886504962,False,,0,,,,,,,,"[{'screen_name': 'chazman', 'name': 'Chuck Cook', 'id': '14084713'}, {'screen_name': 'elonmusk', 'name': 'Elon Musk', 'id': '44196397'}, {'screen_name': 'karpathy', 'name': 'Andrej Karpathy', 'id': '33836629'}, {'screen_name': 'Tesla', 'name': 'Tesla', 'id': '13298072'}]",,,,
1449038717574864900,1448979205874663434,2021-10-15 17:45:26 SAST,2021-10-15,17:45:26,+0200,1329223717789044765,wetkissesbitch,üöÄüá∫üá∏üåï DogecoinWhore üöÄüá∫üá∏üåï,,@MinisterOfDoge @Tesla That's a lovely rumor,en,[],[],[],0,0,0,[],[],https://twitter.com/WetKissesBitch/status/1449038717574864900,False,,0,,,,,,,,"[{'screen_name': 'MinisterOfDoge', 'name': 'Minister of √êogecoin', 'id': '1385126836489830401'}, {'screen_name': 'Tesla', 'name': 'Tesla', 'id': '13298072'}]",,,,
1449038686549643269,1448995046234144780,2021-10-15 17:45:19 SAST,2021-10-15,17:45:19,+0200,1387078410749501450,nickshanks_,Nicholas Shanks,,@tesla_lion Mine is $5678.,en,[],[],[],0,0,0,[],[],https://twitter.com/nickshanks_/status/1449038686549643269,False,,0,,,,,,,,"[{'screen_name': 'tesla_lion', 'name': 'Tesla Liion', 'id': '27421182'}]",,,,
1449038666010083334,1446819492781244417,2021-10-15 17:45:14 SAST,2021-10-15,17:45:14,+0200,895228509236416513,cryptocteacher,News follower,,@altorroblack @Doge4faithfull @naiiveclub @100trillionUSD @elonmusk @theRealKiyosaki True but Tesla buying $1.5 billion of bitcoin so early in the adoption cycle is massive. We‚Äôve got to tip our hat to Elon for that,en,[],[],[],0,0,0,[],[],https://twitter.com/cryptoCteacher/status/1449038666010083334,False,,0,,,,,,,,"[{'screen_name': 'altorroblack', 'name': 'Altorro Prince Black', 'id': '204674601'}, {'screen_name': 'Doge4faithfull', 'name': '∆âOGE GLOBAL - #DOGEUSA', 'id': '935531679371923458'}, {'screen_name': 'naiiveclub', 'name': 'naiive', 'id': '1367125722091778049'}, {'screen_name': '100trillionUSD', 'name': 'PlanB', 'id': '918804624303382528'}, {'screen_name': 'elonmusk', 'name': 'Elon Musk', 'id': '44196397'}, {'screen_name': 'theRealKiyosaki', 'name': 'therealkiyosaki', 'id': '29856819'}]",,,,
1449038643805372418,1449033490339700736,2021-10-15 17:45:09 SAST,2021-10-15,17:45:09,+0200,814190739303198720,tenjin387,d√®tinzin,,@SawyerMerritt thanks for tesla lab crash tesla video,en,[],[],[],0,0,0,[],[],https://twitter.com/tenjin387/status/1449038643805372418,False,,0,,,,,,,,"[{'screen_name': 'SawyerMerritt', 'name': 'Sawyer Merritt üìàüöÄ', 'id': '243013409'}]",,,,
1449038641674686464,1448900615334252545,2021-10-15 17:45:08 SAST,2021-10-15,17:45:08,+0200,1194559586809696256,kmching2,KM Ching,,"@FBDompreh @SawyerMerritt Tesla handle very good for Chip and material shortage, it may deliver much more cars than others auto. The EVs market share may continue increasing for next 6-12 months.",en,[],[],[],0,0,0,[],[],https://twitter.com/KMChing2/status/1449038641674686464,False,,0,,,,,,,,"[{'screen_name': 'FBDompreh', 'name': 'Kwaku Dompreh', 'id': '201433540'}, {'screen_name': 'SawyerMerritt', 'name': 'Sawyer Merritt üìàüöÄ', 'id': '243013409'}]",,,,
1449038632489209858,1448937653567696896,2021-10-15 17:45:06 SAST,2021-10-15,17:45:06,+0200,1226561555124359168,paul58032533,Paul,,@FullyChargedShw @truth_tesla @FullyChargedDan @bobbyllew @TeslaOwnersUK @Tesla I could probably just about afford it but definitely can‚Äôt justify spending that amount on a new car.  I‚Äôm hoping the supply of new Ys will free up some used 3s and push their prices down a bit. Either that or hurry up with the compact @Tesla,en,"[{'screen_name': 'tesla', 'name': 'tesla', 'id': '13298072'}]",[],[],0,0,0,[],[],https://twitter.com/Paul58032533/status/1449038632489209858,False,,0,,,,,,,,"[{'screen_name': 'FullyChargedShw', 'name': 'Fully Charged Show', 'id': '770933216870076416'}, {'screen_name': 'truth_tesla', 'name': 'ùóßùó≤ùòÄùóπùóÆ ùóôùóÆùó∞ùòÅùòÄ üîã', 'id': '1176433616831832065'}, {'screen_name': 'FullyChargedDan', 'name': 'FullyChargedDanC√¶sarüóØ', 'id': '216644462'}, {'screen_name': 'bobbyllew', 'name': 'Robert Llewellyn', 'id': '1077971'}, {'screen_name': 'TeslaOwnersUK', 'name': 'Tesla Owners UK', 'id': '856406682552946688'}, {'screen_name': 'Tesla', 'name': 'Tesla', 'id': '13298072'}]",,,,
1449038626025730055,1449038626025730055,2021-10-15 17:45:04 SAST,2021-10-15,17:45:04,+0200,16754301,flyin18t,Flyin18T Motorsports,,Mattel Releases MEGA-X Tesla Cybertruck Kit Complete With Shattered Windows  https://t.co/jK1sBoWKIi  https://t.co/gB99lwY3S1,en,[],['http://dlvr.it/S9drTL'],['https://pbs.twimg.com/media/FBwE83sVcAQxgkk.jpg'],0,0,1,[],[],https://twitter.com/Flyin18T/status/1449038626025730055,False,,1,https://pbs.twimg.com/media/FBwE83sVcAQxgkk.jpg,,,,,,,[],,,,
